{"Warrior Max HP": 19.720561079486124, "Warrior Policy": 0.6382521207398747, "Warrior Attack Power": 0.6366533135144863, "Warrior Healing Power": -0.004131176548843827, "Warrior Control Chance": 0.001546824696879214, "Mage Max HP": 19.716973139166672, "Mage Policy": 0.13344323139868602, "Mage Attack Power": 0.03269830517974558, "Mage Healing Power": -0.00046144266976715103, "Mage Control Chance": 0.10901688699375713, "Priest Max HP": 17.962603541120533, "Priest Policy": 0.6612162217739637, "Priest Attack Power": 0.0020078791985821535, "Priest Healing Power": 0.660030789862061, "Priest Control Chance": 0.0035148832165688014}