{"Warrior Max HP": 37.05408215087761, "Warrior Policy": -0.17230255321684126, "Warrior Attack Power": -0.1742242785928685, "Warrior Healing Power": -0.0007687628650658355, "Warrior Control Chance": 0.0027247722927672296, "Mage Max HP": 30.01003091723177, "Mage Policy": -0.00027883226893399754, "Mage Attack Power": -0.00033069289838628106, "Mage Healing Power": 4.078672908616391e-05, "Mage Control Chance": 0.0022056682862771388, "Priest Max HP": 30.298970328410785, "Priest Policy": 0.3113774545755936, "Priest Attack Power": 0.0004837817400097827, "Priest Healing Power": 0.30914778726438463, "Priest Control Chance": -0.0037805115127954444, "Time": 719.8934693336487}