{"Warrior Max HP": 36.81317350798476, "Warrior Policy": -0.20533044899094027, "Warrior Attack Power": -0.2009924975444301, "Warrior Healing Power": -0.007573477606104279, "Warrior Control Chance": -0.0013119137199583354, "Mage Max HP": 30.51839380756269, "Mage Policy": 0.29575233386005345, "Mage Attack Power": 0.09417933945545237, "Mage Healing Power": -0.0021981108588323764, "Mage Control Chance": 0.2822524071547092, "Priest Max HP": 30.239678083459253, "Priest Policy": 0.27609278683389715, "Priest Attack Power": 0.013107506389889063, "Priest Healing Power": 0.24441339367741607, "Priest Control Chance": -0.01552881911363991, "Time": 994.5631637573242}