{"Warrior Max HP": 29.17935808444099, "Warrior Policy": 0.7151585552092848, "Warrior Attack Power": 0.7120829222697627, "Warrior Healing Power": 5.2195443587195104e-05, "Warrior Control Chance": 0.001203035166380237, "Mage Max HP": 34.181361617384745, "Mage Policy": 0.44997922811635277, "Mage Attack Power": 0.09247114526513255, "Mage Healing Power": 0.0010397176778480879, "Mage Control Chance": 0.4502545079478107, "Priest Max HP": 36.54920148248121, "Priest Policy": 0.022385267344335123, "Priest Attack Power": 0.0012496529734438674, "Priest Healing Power": 0.024070074605332347, "Priest Control Chance": 0.00037195365748729655, "Time": 60915.63789391518}