{"Warrior Max HP": 34.16666666666882, "Warrior Policy": 0.8333333333333341, "Warrior Attack Power": 0.8333333333333341, "Warrior Healing Power": 0.0, "Warrior Control Chance": 0.0, "Mage Max HP": 34.16666666667005, "Mage Policy": 0.0, "Mage Attack Power": 0.0, "Mage Healing Power": 0.0, "Mage Control Chance": 0.0, "Priest Max HP": 33.333333333334245, "Priest Policy": 0.0, "Priest Attack Power": 0.0, "Priest Healing Power": 0.0, "Priest Control Chance": 0.0, "Time": 47774.238563776016}