{"Warrior Max HP": 32.89118357991283, "Warrior Policy": 0.7279609470708905, "Warrior Attack Power": 0.7273447644786718, "Warrior Healing Power": -0.0038468987371129276, "Warrior Control Chance": -0.00558943546164123, "Mage Max HP": 32.899839813900066, "Mage Policy": 0.13312513733391307, "Mage Attack Power": 0.038797578448102624, "Mage Healing Power": -0.00583735975524171, "Mage Control Chance": 0.13162409613910414, "Priest Max HP": 33.362922738533726, "Priest Policy": 0.9491503238739372, "Priest Attack Power": -0.0024092140205986315, "Priest Healing Power": 0.9823464638278272, "Priest Control Chance": -0.0015042916552839253, "Time": 16284.31293129921}