{"Warrior Max HP": 34.444444444445786, "Warrior Policy": 1.1111111111111034, "Warrior Attack Power": 1.1111111111111034, "Warrior Healing Power": 0.0, "Warrior Control Chance": 0.0, "Mage Max HP": 33.333333333334245, "Mage Policy": 0.0, "Mage Attack Power": 0.0, "Mage Healing Power": 0.0, "Mage Control Chance": 0.0, "Priest Max HP": 33.333333333334245, "Priest Policy": 0.0, "Priest Attack Power": 0.0, "Priest Healing Power": 0.0, "Priest Control Chance": 0.0, "Time": 760.454008102417}