{"Warrior Max HP": 28.24564988745778, "Warrior Policy": 0.09321367362724031, "Warrior Attack Power": 0.08733636270699467, "Warrior Healing Power": 0.0020757206536982154, "Warrior Control Chance": -0.0008388596437384064, "Mage Max HP": 32.80446280276411, "Mage Policy": 0.08754217489479056, "Mage Attack Power": 0.02889973312488049, "Mage Healing Power": 0.001325838781600285, "Mage Control Chance": 0.09445498695937525, "Priest Max HP": 35.687423299650284, "Priest Policy": 0.025225911234773944, "Priest Attack Power": -0.0051734266309120475, "Priest Healing Power": 0.021051988076804688, "Priest Control Chance": -0.0011777277188241406, "Time": 531.0486109256744}