{"Warrior Max HP": 32.3170275514313, "Warrior Policy": 0.19115030681880732, "Warrior Attack Power": 0.15992401391263797, "Warrior Healing Power": -0.009234337866198452, "Warrior Control Chance": -0.006757942158569121, "Mage Max HP": 32.56060508825215, "Mage Policy": 0.3594893066718549, "Mage Attack Power": 0.16883645441353726, "Mage Healing Power": -0.03351465371301496, "Mage Control Chance": 0.3546590457748169, "Priest Max HP": 32.776891284487874, "Priest Policy": 0.5572140509761254, "Priest Attack Power": -0.04221406189311643, "Priest Healing Power": 0.5259126157690335, "Priest Control Chance": -0.008238163435875044, "Time": 392.4977421760559}