{"Warrior Max HP": 32.900432445318614, "Warrior Policy": 0.7227203787868866, "Warrior Attack Power": 0.7257119137490294, "Warrior Healing Power": 0.0006356197484501584, "Warrior Control Chance": 0.0021017756539426957, "Mage Max HP": 32.906844308590685, "Mage Policy": 0.12114913698895292, "Mage Attack Power": 0.03358925242838635, "Mage Healing Power": -0.0019780948688642437, "Mage Control Chance": 0.13488418378866548, "Priest Max HP": 33.3690410711457, "Priest Policy": 0.9317458052214744, "Priest Attack Power": -0.0016422913228624726, "Priest Healing Power": 0.9080918489308019, "Priest Control Chance": 0.004455363498303641, "Time": 385.3378686904907}