{"Warrior Max HP": 28.53345616273124, "Warrior Policy": 0.4332263105681096, "Warrior Attack Power": 0.4076453445500717, "Warrior Healing Power": 0.0406986229196444, "Warrior Control Chance": -0.021162219500490673, "Mage Max HP": 32.88441179078503, "Mage Policy": 0.2954190499618538, "Mage Attack Power": 0.2744303854714063, "Mage Healing Power": -0.010398447829443446, "Mage Control Chance": 0.33442716407825623, "Priest Max HP": 36.03233151545864, "Priest Policy": 0.3143748229311989, "Priest Attack Power": 0.06120151933718216, "Priest Healing Power": 0.31347667775329047, "Priest Control Chance": 0.02025429969323178, "Time": 534.8069105148315}