{"Warrior Max HP": 36.62243464908926, "Warrior Policy": 0.07344117898794222, "Warrior Attack Power": 0.07221708226760352, "Warrior Healing Power": 0.004972835662191914, "Warrior Control Chance": 0.0122734106214741, "Mage Max HP": 30.644364756326084, "Mage Policy": 0.9007157487865763, "Mage Attack Power": 0.30428747814067947, "Mage Healing Power": -0.0038743021788127494, "Mage Control Chance": 0.9008323921825051, "Priest Max HP": 30.235955807774207, "Priest Policy": 0.11172763187786688, "Priest Attack Power": -0.001251720405689178, "Priest Healing Power": 0.11303533412128718, "Priest Control Chance": 3.861991534330323e-05, "Time": 56939.90724015236}