{"Warrior Max HP": 32.81329523165265, "Warrior Policy": 0.7491462243636215, "Warrior Attack Power": 0.7523328684712253, "Warrior Healing Power": -0.022451321214245097, "Warrior Control Chance": 0.0038369871691633878, "Mage Max HP": 33.011155141181916, "Mage Policy": 0.5226432878111158, "Mage Attack Power": 0.1519438660419678, "Mage Healing Power": -0.012803877623389763, "Mage Control Chance": 0.5285305367091371, "Priest Max HP": 32.60683620008889, "Priest Policy": 0.29444469727857936, "Priest Attack Power": 0.007017674784353173, "Priest Healing Power": 0.2838867213706577, "Priest Control Chance": 0.004957094294261295, "Time": 1289.6908748149872}