{"Warrior Max HP": 36.790928799361545, "Warrior Policy": -0.2070707120269314, "Warrior Attack Power": -0.22043694469934136, "Warrior Healing Power": -0.0008203235539035393, "Warrior Control Chance": 0.0041460294971031285, "Mage Max HP": 30.493392902663963, "Mage Policy": 0.30295410975693, "Mage Attack Power": 0.09375299937350338, "Mage Healing Power": -0.004530208486010758, "Mage Control Chance": 0.2864331012765291, "Priest Max HP": 30.20409034324147, "Priest Policy": 0.26270278685560444, "Priest Attack Power": 0.004277530591816033, "Priest Healing Power": 0.24525913306869787, "Priest Control Chance": 0.00640198185095983, "Time": 40962.119396448135}