{"Warrior Max HP": 36.6306876663174, "Warrior Policy": 0.07988587839424922, "Warrior Attack Power": 0.06861082725679706, "Warrior Healing Power": 0.004193579804016007, "Warrior Control Chance": 0.003034126891039754, "Mage Max HP": 30.65314405607897, "Mage Policy": 0.9117392923497643, "Mage Attack Power": 0.29380514788673434, "Mage Healing Power": 0.0034613937181636185, "Mage Control Chance": 0.9028939731020168, "Priest Max HP": 30.23923664231248, "Priest Policy": 0.12401344437275423, "Priest Attack Power": 0.00313772308256127, "Priest Healing Power": 0.11861930019914106, "Priest Control Chance": 0.0021878942154587807, "Time": 1162.838000535965}