{"Warrior Max HP": 32.819714538875616, "Warrior Policy": 0.7452901463142738, "Warrior Attack Power": 0.7344258824931658, "Warrior Healing Power": -0.0011295250753038018, "Warrior Control Chance": -0.011346375400693939, "Mage Max HP": 33.01550708054859, "Mage Policy": 0.5259493039566352, "Mage Attack Power": 0.15948051948369527, "Mage Healing Power": -0.002266826651829801, "Mage Control Chance": 0.533665546626938, "Priest Max HP": 32.59736383976867, "Priest Policy": 0.29314904029745953, "Priest Attack Power": 0.0007526649083671, "Priest Healing Power": 0.30848306614126275, "Priest Control Chance": 0.003541867789989823, "Time": 24629.815639019012}