{"Warrior Max HP": 28.532982985577, "Warrior Policy": 0.4946119281304811, "Warrior Attack Power": 0.4599585915559893, "Warrior Healing Power": -0.00917361736191035, "Warrior Control Chance": 0.04123799436650261, "Mage Max HP": 32.902079891490544, "Mage Policy": 0.3407385416633846, "Mage Attack Power": 0.19089957428971543, "Mage Healing Power": 0.010825892163436754, "Mage Control Chance": 0.29053545062322006, "Priest Max HP": 36.05376576165466, "Priest Policy": 0.28149743088035994, "Priest Attack Power": -0.03701863072702913, "Priest Healing Power": 0.33340223694998516, "Priest Control Chance": -0.0122997311301107, "Time": 34129.292805194855}