{"Warrior Max HP": 28.245830263184605, "Warrior Policy": 0.08740516514708697, "Warrior Attack Power": 0.09023608592956685, "Warrior Healing Power": 0.0018716522675926385, "Warrior Control Chance": 0.00010172876379766873, "Mage Max HP": 32.81018421292234, "Mage Policy": 0.0877462525541073, "Mage Attack Power": 0.0293545898137457, "Mage Healing Power": 0.002600079557051197, "Mage Control Chance": 0.09037172067374134, "Priest Max HP": 35.69837734529891, "Priest Policy": 0.017892632751043636, "Priest Attack Power": -0.003490962697360694, "Priest Healing Power": 0.022992455110118604, "Priest Control Chance": -0.002605721002628174, "Time": 34033.64425158501}