{"Warrior Max HP": 29.179832450689446, "Warrior Policy": 0.7149527791443151, "Warrior Attack Power": 0.7167080210813024, "Warrior Healing Power": 0.0033717374840215864, "Warrior Control Chance": -0.00028612189925427637, "Mage Max HP": 34.18012592112132, "Mage Policy": 0.44977842315309224, "Mage Attack Power": 0.09646196112632555, "Mage Healing Power": -0.0030531599787396425, "Mage Control Chance": 0.4498143444038154, "Priest Max HP": 36.548554985196056, "Priest Policy": 0.024069217824297467, "Priest Attack Power": 0.0008894792936776338, "Priest Healing Power": 0.023134604025644837, "Priest Control Chance": -0.0006404522242663268, "Time": 1501.3535742759705}