{"Warrior Max HP": 37.0515550716263, "Warrior Policy": -0.17619709324521202, "Warrior Attack Power": -0.17513781912975052, "Warrior Healing Power": -0.0003138824976539519, "Warrior Control Chance": 0.002495967251615777, "Mage Max HP": 29.991188053842343, "Mage Policy": -0.0004701929736761128, "Mage Attack Power": 0.000183053687948232, "Mage Healing Power": -0.0015417563870277161, "Mage Control Chance": 0.0010479498439236738, "Priest Max HP": 30.298720440787196, "Priest Policy": 0.3098695839049872, "Priest Attack Power": -0.0009406084687758522, "Priest Healing Power": 0.3115600612848391, "Priest Control Chance": -0.001102786907799798, "Time": 39698.92777085304}