{"Warrior Max HP": 32.299671521303175, "Warrior Policy": 0.19620367527038457, "Warrior Attack Power": 0.17558814085421412, "Warrior Healing Power": -0.022383559560697833, "Warrior Control Chance": 0.016654984418003758, "Mage Max HP": 32.54986805548171, "Mage Policy": 0.3747923835961102, "Mage Attack Power": 0.1878328945552756, "Mage Healing Power": 0.003369512358445826, "Mage Control Chance": 0.37299603191304526, "Priest Max HP": 32.75532297624906, "Priest Policy": 0.5362226861825473, "Priest Attack Power": -0.014715100063152468, "Priest Healing Power": 0.5460806633386674, "Priest Control Chance": -0.0029525801244884974, "Time": 16796.066425561905}